Username	Passwd	Name1	Role1
14A3625	Hx4/:\|	Quinn Lopez	1
18A1077	Nf8":_|	Nora Robinson	1
10A6822	Js7-?^{	Alice Garcia	1
14A5832	Ja9*:`}	Isabelle Williams	1
14A7863	Ia7&@_{	Katie Underwood	1
11T7150	Sy2(<^|	Quinn Young	2
19T5370	Bn6*>[}	Katie Edwards	2
10T4012	Fj8/?^{	Thomas Underwood	2
17T0792	Gz9$@^}	Oliver Thomas	2
12T2421	Pp5,<\~	Zachary Davis	2
15T7727	Si1-=[~	Liam Vance	2
13T7595	Xq4#:]{	Liam Edwards	2
12T3663	Kd1%:[{	William O'Brien	2
13T1592	Ld5!:[{	Samantha Anderson	2
15T1676	Ux8)?]}	Oliver Davis	2
22T1527	Ye7&?^~	Liam Carter	2
13T1996	Ar2)=_{	Ryan Smith	2
19T8219	Kp5"@_~	Ursula Underwood	2
12T4902	Nf1%?]|	Katie Kendall	2
16T6313	Pe4!<_~	Megan O'Brien	2
18T2045	Ip7*;\}	Frank Isaacson	2
16T4750	Mi4+;[|	Liam Carter	2
21T3789	Bg6,:_|	Katie Isaacson	2
11T2092	Cc5);_}	Megan Zimmerman	2
15T3444	Fl0$<\}	Penelope Carter	2
23S4647	Jj5*?[~	Hannah Anderson	3
20S5373	Ql8.:`~	Oliver Quinn	3
20S6607	Yd0#@]|	Liam Robinson	3
21S2865	De5"=`}	William Parker	3
21S4328	Wf1#?_}	Emily Nelson	3
23S6713	Qf9'?\}	George Anderson	3
18S7140	Kp2)<[~	Frank O'Brien	3
21S2523	Am6,=[{	Emily Xavier	3
22S5006	Ep2-;\|	Zachary Williams	3
19S5292	Rp2(?]|	Katie Thomas	3
21S0184	Kq4!;_{	Megan Miller	3
21S4965	Jv1/<_}	Zachary Smith	3
18S0858	Gd7.@^{	Jacob Thomas	3
19S3032	Bd3"=[{	Samantha Williams	3
23S2445	Qv6*:[{	Bob Robinson	3
22S3851	Yh1$?_|	Penelope Davis	3
21S4902	Ga9#;]|	Oliver Garcia	3
20S6377	Za2,=]~	Ryan Parker	3
18S8825	By8$>\|	Nora Young	3
18S5520	Sq2,<^}	Katie Johnson	3
20S8628	If0.;_{	Hannah Carter	3
23S4362	Dk2#@[{	Nora Lopez	3
18S1991	Be9$@[|	Zachary Smith	3
20S0684	Cm4$<_}	Megan Smith	3
23S0934	Rk7"<`}	Liam Robinson	3
20S3909	Mi0'<\|	Megan Miller	3
20S1379	Gm4!?]~	William Quinn	3
22S1394	Pj1#@[|	Ryan Young	3
19S4854	Hu4*<[{	Jacob Edwards	3
18S6287	Kw5%:^{	Samantha Edwards	3
18S8133	Tk9+>^~	Megan Carter	3
20S2631	Fp5,@_~	Charlie Lopez	3
20S4005	Oo6%:^}	Katie Hernandez	3
21S7280	Me1*:[|	Bob Isaacson	3
22S9155	Hj7"@\~	Ryan Ford	3
20S2310	Wj2->\|	Xander Isaacson	3
19S3152	Jc0'<^|	Oliver Vance	3
22S6096	Ab1(?^}	Jacob Parker	3
18S5928	Xk4,@[~	William Ford	3
20S5983	Bh6-:`|	Penelope Zimmerman	3
18S9827	Jh2%>[|	David Lopez	3
22S0570	Gb7!?[~	David Anderson	3
21S6266	Kx4!=\}	Zachary Carter	3
19S5043	Il9!@_}	David Underwood	3
20S6387	Ti5/>_|	Thomas Williams	3
20S8680	Vh5%:`{	Oliver Vance	3
20S9673	Sb3&:[|	Nora Kendall	3
20S9699	Pt6%<`~	Charlie Thomas	3
18S4453	Na6$:_{	George Anderson	3
20S8937	Sp1%;`|	Emily Underwood	3
20S9457	Gn3*;\~	Ryan Xavier	3
21S0526	Yo7*:\{	William O'Brien	3
20S6127	Eh2+?]}	David Garcia	3
18S4666	Xc6$;\|	Bob Anderson	3
20S7282	Cz0">`{	Ryan Miller	3
23S4877	Fe2&>`}	Isabelle Young	3
19S8904	Vt8*?^~	Ursula Williams	3
21S9737	Wi2*=\~	Alice Smith	3
19S8297	Vy6)?`|	Ryan Zimmerman	3
21S6934	Wi2&>[|	Charlie Young	3
21S3699	Zg4,;^~	Frank Smith	3
20S5771	Si6'?\|	Charlie Isaacson	3
18S7532	Ag9#?\{	Emily Underwood	3
23S2702	Bz0!:`}	Quinn Nelson	3
20S7898	Vp3#<^~	Xander Xavier	3
23S3368	Ky0!;`{	Megan Parker	3
21S0710	Nx5+>[|	Bob O'Brien	3
18S3734	Mh3,<]~	Jacob Quinn	3
20S7845	Zv7)@[}	David Isaacson	3
20S2390	Mz8.@^~	Ursula Garcia	3
19S5142	Dx7/>^~	Samantha Lopez	3
23S5859	Zx8/@[{	Thomas Garcia	3
18S7687	Tu5&?]|	Bob Young	3
18S8843	By7/>]}	Hannah Quinn	3